{
  "timestamp": "2025-07-31T10:28:35.421479",
  "benchmarks": [
    {
      "name": "Array Creation",
      "sizes": [
        100,
        500,
        1000,
        5000,
        10000,
        50000,
        100000
      ],
      "c_times": [
        2.029799952651956e-06,
        8.10230003480683e-06,
        1.6647299935357297e-05,
        8.513940015291155e-05,
        0.00017944490000445512,
        0.0013336896000510023,
        0.0026613616999838995
      ],
      "py_times": [
        6.328000063149375e-06,
        2.7960300030827057e-05,
        5.413629987742752e-05,
        0.0002739676000146574,
        0.0005627670999274415,
        0.003263994100052514,
        0.006391802500002086
      ],
      "speedups": [
        3.117548630780966,
        3.4509089901277235,
        3.2519567790358073,
        3.2178709213666967,
        3.1361554433336893,
        2.447341645258158,
        2.401703796985113
      ]
    },
    {
      "name": "Scalar Addition",
      "sizes": [
        100,
        500,
        1000,
        5000,
        10000,
        50000,
        100000
      ],
      "c_times": [
        9.85000042419415e-07,
        6.331999884423567e-07,
        6.79199956721277e-07,
        1.4516000192088541e-06,
        2.1941000795777653e-06,
        9.979400056181476e-06,
        2.2558299997399443e-05
      ],
      "py_times": [
        4.036400014229002e-06,
        1.3304899994182051e-05,
        2.62552000094729e-05,
        0.00012588040008267853,
        0.00024439110006824194,
        0.0015837086999908935,
        0.0031141368000135116
      ],
      "speedups": [
        4.097867858273955,
        21.012160829174213,
        38.656068437070346,
        86.71837862835343,
        111.38557549994383,
        158.6977865477902,
        138.04838132184227
      ]
    },
    {
      "name": "Sum Aggregation",
      "sizes": [
        100,
        500,
        1000,
        5000,
        10000,
        50000,
        100000
      ],
      "c_times": [
        2.478999022059725e-07,
        1.9174990484316368e-07,
        2.368999730606447e-07,
        6.05699983680097e-07,
        9.805499530557426e-07,
        4.040200042254582e-06,
        7.99955009824771e-06
      ],
      "py_times": [
        5.951499815637362e-07,
        2.1135499991942195e-06,
        4.063449910063355e-06,
        1.9565099955798358e-05,
        3.90886999639406e-05,
        0.00019400970006699936,
        0.0003883586499796365
      ],
      "speedups": [
        2.400767310788385,
        11.02243049832508,
        17.15259760296866,
        32.301635269866125,
        39.864057758736614,
        48.01982526556648,
        48.547561451575376
      ]
    }
  ]
}